Марка;Подтип;Ссылка;Цена в $;Цена в грн;Город
Chevrolet Aveo 2019;LTZ FL 1.4 АT (100 л.с.);https://auto.ria.com/newauto/auto-chevrolet-aveo-1839610.html;14 800 $;395 709 грн;Киев
Chevrolet Niva 2019;LE 1.7 MT (80 л.с.);https://auto.ria.com/newauto/auto-chevrolet-niva-1650894.html;15 698 $;419 900 грн;Черкассы
Chevrolet Niva 2019;L 1.7 MT (80 л.с.);https://auto.ria.com/newauto/auto-chevrolet-niva-1792052.html;14 202 $;379 900 грн;Черкассы
Chevrolet Aveo 2019;LTZ FL 1.4 АT (100 л.с.);https://auto.ria.com/newauto/auto-chevrolet-aveo-1839713.html;14 800 $;395 752 грн;Киев
Chevrolet Niva 2019;L 1.7 MT (80 л.с.);https://auto.ria.com/newauto/auto-chevrolet-niva-1824701.html;14 204 $;379 900 грн;Киев
Chevrolet Suburban 2020;Premier 6.2i AT (420 л.с.) AWD;https://auto.ria.com/newauto/auto-chevrolet-suburban-1836960.html;114 999 $;3 075 108 грн;Киев
Chevrolet Niva 2019;LEM 1.7 MT (80 л.с.);https://auto.ria.com/newauto/auto-chevrolet-niva-1705809.html;16 821 $;449 900 грн;Черкассы
Chevrolet Aveo 2020;LTZ FL 1.4 АT (100 л.с.);https://auto.ria.com/newauto/auto-chevrolet-aveo-1839714.html;14 800 $;395 765 грн;Киев
Chevrolet Aveo 2019;LTZ FL 1.4 АT (100 л.с.);https://auto.ria.com/newauto/auto-chevrolet-aveo-1803216.html;14 800 $;395 709 грн;Винница
Chevrolet Suburban 2019;Inkas 5.3 АТ (355 л.с.) AWD;https://auto.ria.com/newauto/auto-chevrolet-suburban-1810300.html;299 999 $;8 024 193 грн;Киев
Chevrolet Aveo 2019;LTZ FL 1.4 АT (100 л.с.);https://auto.ria.com/newauto/auto-chevrolet-aveo-1839710.html;14 800 $;395 835 грн;Киев
Chevrolet Niva 2019;LC 1.7 MT (80 л.с.);https://auto.ria.com/newauto/auto-chevrolet-niva-1824702.html;14 768 $;394 900 грн;Киев
Chevrolet Suburban 2020;Inkas 5.3 АТ (355 л.с.) AWD;https://auto.ria.com/newauto/auto-chevrolet-suburban-1811408.html;299 999 $;8 021 103 грн;Киев
Chevrolet Niva 2019;LC 1.7 MT (80 л.с.);https://auto.ria.com/newauto/auto-chevrolet-niva-1626106.html;14 763 $;394 900 грн;Черкассы
Chevrolet Niva 2019;LE 1.7 MT (80 л.с.);https://auto.ria.com/newauto/auto-chevrolet-niva-1824704.html;15 698 $;419 900 грн;Киев
Chevrolet Niva 2019;LEM 1.7 MT (80 л.с.);https://auto.ria.com/newauto/auto-chevrolet-niva-1824703.html;16 825 $;449 900 грн;Киев
Chevrolet Suburban 2020;Premier 6.2i AT (420 л.с.) AWD;https://auto.ria.com/newauto/auto-chevrolet-suburban-1636790.html;101 700 $;2 719 488 грн;Киев
Chevrolet Niva 2019;LC 1.7 MT (80 л.с.);https://auto.ria.com/newauto/auto-chevrolet-niva-1821768.html;13 377 $;357 700 грн;Запорожье
Chevrolet Niva 2019;Individual 1.7 MT (80 л.с.);https://auto.ria.com/newauto/auto-chevrolet-niva-1822170.html;14 768 $;394 900 грн;Львов
Chevrolet Corvette 2021;Individual 6.2 АT (460 л.с.);https://auto.ria.com/newauto/auto-chevrolet-corvette-1833835.html;139 000 $;3 716 902 грн;Киев
Chevrolet Tahoe 2020;LT 5.3 АТ (355 л.с.) AWD;https://auto.ria.com/newauto/auto-chevrolet-tahoe-1822185.html;99 500 $;2 660 660 грн;Киев
Chevrolet Impala 2020;2LT 3.6i АТ (305 л.с.);https://auto.ria.com/newauto/auto-chevrolet-impala-1117323.html;47 560 $;1 271 754 грн;Киев
Chevrolet Colorado 2020;LT 2.5 АТ (200 л.с.) 4WD;https://auto.ria.com/newauto/auto-chevrolet-colorado-1636789.html;48 500 $;1 297 331 грн;Киев
Chevrolet Equinox 2020;base 1.5i (170 л.с.) AT;https://auto.ria.com/newauto/auto-chevrolet-equinox-1838089.html;38 900 $;1 040 404 грн;Киев
Chevrolet Niva 2019;L 1.7 MT (80 л.с.);https://auto.ria.com/newauto/auto-chevrolet-niva-1828717.html;14 202 $;379 900 грн;Львов
Chevrolet Niva 2019;L 1.7 MT (80 л.с.);https://auto.ria.com/newauto/auto-chevrolet-niva-1813575.html;13 085 $;349 900 грн;Запорожье
Chevrolet Corvette 2021;Stingray Z51 6.2 АT (460 л.с.);https://auto.ria.com/newauto/auto-chevrolet-corvette-1833702.html;115 000 $;3 075 100 грн;Киев
Chevrolet Express пасс. 2020;Limited X-SE VC 6.0i AT (341 л.с.) LWB AWD;https://auto.ria.com/newauto/auto-chevrolet-express-pass-1117319.html;109 500 $;2 928 030 грн;Киев
Chevrolet Camaro 2020;RS 2.0Т АТ (276 л.с.);https://auto.ria.com/newauto/auto-chevrolet-camaro-1627777.html;59 500 $;1 591 571 грн;Киев
Chevrolet Tahoe 2020;LTZ 5.3 АТ (355 л.с.) AWD;https://auto.ria.com/newauto/auto-chevrolet-tahoe-1637847.html;101 500 $;2 715 034 грн;Киев
Chevrolet Express пасс. 2020;Limited X-SE VC 6.0i AT (341 л.с.) LWB AWD;https://auto.ria.com/newauto/auto-chevrolet-express-pass-1817702.html;146 500 $;3 916 985 грн;Киев
Chevrolet Blazer 2020;Full 3.6i Premier 9AT (306 л.с.) AWD;https://auto.ria.com/newauto/auto-chevrolet-blazer-1824990.html;49 900 $;1 334 341 грн;Киев
Chevrolet Bolt EV 2020;LT EV AT (204 л.с.);https://auto.ria.com/newauto/auto-chevrolet-bolt-ev-1636788.html;35 890 $;960 025 грн;Киев
Chevrolet Bolt EV 2020;LT EV AT (204 л.с.);https://auto.ria.com/newauto/auto-chevrolet-bolt-ev-1718194.html;41 900 $;1 120 641 грн;Киев
Chevrolet Corvette 2020;Stingray Z51 6.2 АT (460 л.с.);https://auto.ria.com/newauto/auto-chevrolet-corvette-1637849.html;149 000 $;3 985 616 грн;Киев
Chevrolet Tahoe 2020;LTZ 5.3 АТ (355 л.с.) AWD;https://auto.ria.com/newauto/auto-chevrolet-tahoe-1637847.html;101 500 $;2 715 034 грн;Киев
Chevrolet Camaro 2020;RS 2.0Т АТ (275 л.с.);https://auto.ria.com/newauto/auto-chevrolet-camaro-1735344.html;59 015 $;1 578 071 грн;Киев
Chevrolet Camaro 2020;RS 2.0Т АТ (276 л.с.);https://auto.ria.com/newauto/auto-chevrolet-camaro-1117310.html;49 900 $;1 334 181 грн;Киев
Chevrolet Express пасс. 2020;Limited X-SE VC 6.0i AT (341 л.с.) LWB AWD;https://auto.ria.com/newauto/auto-chevrolet-express-pass-1718208.html;129 000 $;3 449 086 грн;Киев
Chevrolet Silverado 2020;1500 High Country 5.3 AT (355 л.с.);https://auto.ria.com/newauto/auto-chevrolet-silverado-1786987.html;82 200 $;2 198 776 грн;Киев
Chevrolet Niva 2019;LEM 1.7 MT (80 л.с.);https://auto.ria.com/newauto/auto-chevrolet-niva-1828720.html;16 871 $;449 900 грн;Львов
Chevrolet Camaro 2020;ZL1 MT 6,2 АТ (650 л.с.);https://auto.ria.com/newauto/auto-chevrolet-camaro-1637845.html;117 700 $;3 148 369 грн;Киев
Chevrolet Niva 2019;LC 1.7 MT (80 л.с.);https://auto.ria.com/newauto/auto-chevrolet-niva-1828718.html;14 020 $;374 900 грн;Львов
Chevrolet Camaro 2020;base SS 6.2 AT (462 л.с.);https://auto.ria.com/newauto/auto-chevrolet-camaro-1829296.html;68 300 $;1 826 724 грн;Киев
Chevrolet Traverse 2020;base 3.6i (310 л.с.) AT;https://auto.ria.com/newauto/auto-chevrolet-traverse-1838088.html;47 300 $;1 264 665 грн;Киев
